Workbook

Sheet F-FRT_BESF
A1: Time | B1: Signal | C1: Delta f | D1: Delta t | E1: Duration | F1: RoCoF [s / Hz] | G1: Min Delta f | H1: Cycles | I1: F | J1: t
A2: 0 | B2: 50 | F2: 0.4 | G2: 0.1 | H2: 2 | I2: 50 | J2: =H2/I2 -> 0.04
A3: =A2+D3 -> 1 | B3: =B2 -> 50 | D3: 1
A4: =A3+D4 -> 2.2 | B4: 47 | C4: =B3-B4 -> 3 | D4: =C4*F2 -> 1.2
A5: =A4+D5 -> 2.24 | B5: =B6 -> 46.9 | C5: =B4-B5 -> 0.1 | D5: =C5*F2 -> 0.04
A6: =A7+D7 -> 2.32 | B6: =B7-G2 -> 46.9
A7: =A3+F7+E7-J2 -> 2.36 | B7: 47 | C7: =B6-B7 -> -0.1 | D7: =C7*F2 -> -0.04 | E7: 0.2 | F7: =(B$3-B4)*$F$2 -> 1.2
A8: =A7-D8 -> 2.52 | B8: =B9 -> 47.4 | C8: =B7-B8 -> -0.4 | D8: =C8*F2 -> -0.16
A9: =A10+D10 -> 7.92 | B9: =B10-G2 -> 47.4
A10: =A3+F10+E10-J2 -> 7.96 | B10: 47.5 | C10: =B9-B10 -> -0.1 | D10: =C10*F2 -> -0.04 | E10: 6 | F10: =(B$3-B10)*$F$2 -> 1
A11: =A10+0.16 -> 8.12 | B11: =B12 -> 47.9
A12: =A13+D13 -> 11.72 | B12: =B13-G2 -> 47.9
A13: =A3+F13+E13-J2 -> 11.76 | B13: 48 | C13: =B12-B13 -> -0.1 | D13: =C13*F2 -> -0.04 | E13: 10 | F13: =(B$3-B13)*$F$2 -> 0.8
A14: =A13-D14 -> 12.12 | B14: =B15 -> 48.9 | C14: =B13-B14 -> -0.9 | D14: =C14*F2 -> -0.36
A15: =A16+D16 -> 61.32 | B15: =B16-G2 -> 48.9
A16: =A3+F16+E16-J2 -> 61.36 | B16: 49 | C16: =B15-B16 -> -0.1 | D16: =C16*F2 -> -0.04 | E16: 60 | F16: =(B$3-B16)*$F$2 -> 0.4
A17: =A16-D17 -> 61.76 | B17: =B2 -> 50 | C17: =B16-B17 -> -1 | D17: =C17*F2 -> -0.4
A18: =A17+D18 -> 62.96 | B18: =B17 -> 50 | D18: 1.2
A19: =A18-D19 -> 63.56 | B19: 51.5 | C19: =B18-B19 -> -1.5 | D19: =C19*F2 -> -0.6
A20: =A19-D20 -> 63.6 | B20: =B21 -> 51.6 | C20: =B19-B20 -> -0.1 | D20: =C20*F2 -> -0.04
A21: =A22-D22 -> 67.48 | B21: =B22+G2 -> 51.6
A22: =A18-F22+E22-J2 -> 67.52 | B22: 51.5 | C22: =B21-B22 -> 0.1 | D22: =C22*F2 -> 0.04 | E22: 4 | F22: =(B$18-B22)*$F$2 -> -0.6
A23: =A22+D23 -> 67.68 | B23: =B24 -> 51.1 | C23: =B22-B23 -> 0.4 | D23: =C23*F2 -> 0.16
A24: =A25-C25 -> 123.22 | B24: =B25+G2 -> 51.1
A25: =A18-F25+E25-J2 -> 123.32 | B25: 51 | C25: =B24-B25 -> 0.1 | D25: =C25*F2 -> 0.04 | E25: 60 | F25: =(B$18-B25)*$F$2 -> -0.4
A26: =A25+D26 -> 123.72 | B26: =B2 -> 50 | C26: =B25-B26 -> 1 | D26: =C26*F2 -> 0.4
A27: =A26+D27 -> 124.92 | B27: =B26 -> 50 | D27: 1.2

Sheet F-FRT_BESF_pu
A1: Time | B1: Signal
A2: ='F-FRT_BESF'!A2 -> 0 | B2: ='F-FRT_BESF'!B2/50 -> 1
A3: ='F-FRT_BESF'!A3 -> 1 | B3: ='F-FRT_BESF'!B3/50 -> 1
A4: ='F-FRT_BESF'!A4 -> 2.2 | B4: ='F-FRT_BESF'!B4/50 -> 0.94
A5: ='F-FRT_BESF'!A5 -> 2.24 | B5: ='F-FRT_BESF'!B5/50 -> 0.938
A6: ='F-FRT_BESF'!A6 -> 2.32 | B6: ='F-FRT_BESF'!B6/50 -> 0.938
A7: ='F-FRT_BESF'!A7 -> 2.36 | B7: ='F-FRT_BESF'!B7/50 -> 0.94
A8: ='F-FRT_BESF'!A8 -> 2.52 | B8: ='F-FRT_BESF'!B8/50 -> 0.948
A9: ='F-FRT_BESF'!A9 -> 7.92 | B9: ='F-FRT_BESF'!B9/50 -> 0.948
A10: ='F-FRT_BESF'!A10 -> 7.96 | B10: ='F-FRT_BESF'!B10/50 -> 0.95
A11: ='F-FRT_BESF'!A11 -> 8.12 | B11: ='F-FRT_BESF'!B11/50 -> 0.958
A12: ='F-FRT_BESF'!A12 -> 11.72 | B12: ='F-FRT_BESF'!B12/50 -> 0.958
A13: ='F-FRT_BESF'!A13 -> 11.76 | B13: ='F-FRT_BESF'!B13/50 -> 0.96
... A27: ='F-FRT_BESF'!A27 -> 124.92 | B27: ='F-FRT_BESF'!B27/50 -> 1
